GEO.id,Geography,Families Median income (dollars),Families Mean income (dollars)0500000US01003,"Baldwin County, Alabama",59607,777370500000US01015,"Calhoun County, Alabama",51351,617700500000US01043,"Cullman County, Alabama",46579,619760500000US01049,"DeKalb County, Alabama",47165,566610500000US01051,"Elmore County, Alabama",61890,724210500000US01055,"Etowah County, Alabama",53002,623810500000US01069,"Houston County, Alabama",51484,685410500000US01073,"Jefferson County, Alabama",58311,773960500000US01077,"Lauderdale County, Alabama",53320,696870500000US01081,"Lee County, Alabama",57350,828890500000US01083,"Limestone County, Alabama",66343,861570500000US01089,"Madison County, Alabama",77209,961770500000US01095,"Marshall County, Alabama",41642,605030500000US01097,"Mobile County, Alabama",53464,698790500000US01101,"Montgomery County, Alabama",54780,707780500000US01103,"Morgan County, Alabama",56462,681450500000US01115,"St. Clair County, Alabama",57764,676990500000US01117,"Shelby County, Alabama",82078,979120500000US01121,"Talladega County, Alabama",46269,544030500000US01125,"Tuscaloosa County, Alabama",60490,760320500000US01127,"Walker County, Alabama",45356,553260500000US02020,"Anchorage Municipality, Alaska",86241,1045760500000US02090,"Fairbanks North Star Borough, Alaska",82235,1027700500000US02170,"Matanuska-Susitna Borough, Alaska",87614,982170500000US04001,"Apache County, Arizona",42208,514440500000US04003,"Cochise County, Arizona",54167,666150500000US04005,"Coconino County, Arizona",60847,773520500000US04013,"Maricopa County, Arizona",65148,855900500000US04015,"Mohave County, Arizona",44620,544270500000US04017,"Navajo County, Arizona",41838,502010500000US04019,"Pima County, Arizona",57476,767130500000US04021,"Pinal County, Arizona",56765,668030500000US04025,"Yavapai County, Arizona",53095,697970500000US04027,"Yuma County, Arizona",43113,580010500000US05007,"Benton County, Arkansas",69281,870240500000US05031,"Craighead County, Arkansas",49511,729690500000US05045,"Faulkner County, Arkansas",63816,782730500000US05051,"Garland County, Arkansas",52727,715310500000US05069,"Jefferson County, Arkansas",46795,622270500000US05085,"Lonoke County, Arkansas",60659,685300500000US05119,"Pulaski County, Arkansas",60634,803740500000US05125,"Saline County, Arkansas",57428,720230500000US05131,"Sebastian County, Arkansas",49246,731070500000US05143,"Washington County, Arkansas",59426,835460500000US05145,"White County, Arkansas",52307,771430500000US06001,"Alameda County, California",93540,1180160500000US06007,"Butte County, California",60645,834650500000US06013,"Contra Costa County, California",95357,1299080500000US06017,"El Dorado County, California",82446,1087720500000US06019,"Fresno County, California",48440,689210500000US06023,"Humboldt County, California",52878,688030500000US06025,"Imperial County, California",48164,665660500000US06029,"Kern County, California",51332,701510500000US06031,"Kings County, California",48683,650230500000US06033,"Lake County, California",44821,556360500000US06037,"Los Angeles County, California",62295,913950500000US06039,"Madera County, California",49707,636610500000US06041,"Marin County, California",127470,1842240500000US06045,"Mendocino County, California",57721,780110500000US06047,"Merced County, California",47011,631390500000US06053,"Monterey County, California",61181,895630500000US06055,"Napa County, California",88187,1139220500000US06057,"Nevada County, California",67471,907150500000US06059,"Orange County, California",85313,1143700500000US06061,"Placer County, California",91583,1128790500000US06065,"Riverside County, California",64563,807470500000US06067,"Sacramento County, California",66205,870470500000US06071,"San Bernardino County, California",58049,743140500000US06073,"San Diego County, California",76876,993830500000US06075,"San Francisco County, California",100850,1412200500000US06077,"San Joaquin County, California",59220,779770500000US06079,"San Luis Obispo County, California",80687,1012090500000US06081,"San Mateo County, California",117149,1640830500000US06083,"Santa Barbara County, California",71652,982590500000US06085,"Santa Clara County, California",109884,1440590500000US06087,"Santa Cruz County, California",80788,1082000500000US06089,"Shasta County, California",59900,726220500000US06095,"Solano County, California",77896,919300500000US06097,"Sonoma County, California",81305,1084850500000US06099,"Stanislaus County, California",55772,719550500000US06101,"Sutter County, California",61221,782540500000US06107,"Tulare County, California",45844,611920500000US06111,"Ventura County, California",83019,1086120500000US06113,"Yolo County, California",72428,989180500000US06115,"Yuba County, California",44616,584010500000US08001,"Adams County, Colorado",65913,809620500000US08005,"Arapahoe County, Colorado",79453,1058510500000US08013,"Boulder County, Colorado",95184,1183480500000US08031,"Denver County, Colorado",71439,1027800500000US08035,"Douglas County, Colorado",116703,1374930500000US08041,"El Paso County, Colorado",71358,888310500000US08059,"Jefferson County, Colorado",88594,1094410500000US08069,"Larimer County, Colorado",74415,947210500000US08077,"Mesa County, Colorado",64235,745730500000US08101,"Pueblo County, Colorado",48988,627710500000US08123,"Weld County, Colorado",73421,868910500000US09001,"Fairfield County, Connecticut",104987,1685750500000US09003,"Hartford County, Connecticut",83605,1071360500000US09005,"Litchfield County, Connecticut",88938,1051690500000US09007,"Middlesex County, Connecticut",101526,1152680500000US09009,"New Haven County, Connecticut",81542,1039850500000US09011,"New London County, Connecticut",82337,1021880500000US09013,"Tolland County, Connecticut",94838,1151090500000US09015,"Windham County, Connecticut",70709,784500500000US10001,"Kent County, Delaware",62982,769190500000US10003,"New Castle County, Delaware",80729,999470500000US10005,"Sussex County, Delaware",63869,822350500000US11001,"District of Columbia, District of Columbia",84094,1253240500000US12001,"Alachua County, Florida",65641,875700500000US12005,"Bay County, Florida",54943,756720500000US12009,"Brevard County, Florida",59835,771070500000US12011,"Broward County, Florida",62108,838250500000US12015,"Charlotte County, Florida",52877,693770500000US12017,"Citrus County, Florida",43599,620930500000US12019,"Clay County, Florida",66676,812020500000US12021,"Collier County, Florida",66233,1079840500000US12023,"Columbia County, Florida",51849,630560500000US12031,"Duval County, Florida",56747,743990500000US12033,"Escambia County, Florida",56941,745720500000US12035,"Flagler County, Florida",55852,649580500000US12053,"Hernando County, Florida",48292,593150500000US12055,"Highlands County, Florida",40876,519420500000US12057,"Hillsborough County, Florida",60699,829010500000US12061,"Indian River County, Florida",59994,910540500000US12069,"Lake County, Florida",57088,710780500000US12071,"Lee County, Florida",56123,774080500000US12073,"Leon County, Florida",70372,825210500000US12081,"Manatee County, Florida",62298,810460500000US12083,"Marion County, Florida",49882,594780500000US12085,"Martin County, Florida",70407,1098430500000US12086,"Miami-Dade County, Florida",50187,761500500000US12087,"Monroe County, Florida",66600,905160500000US12089,"Nassau County, Florida",65459,891910500000US12091,"Okaloosa County, Florida",69309,818330500000US12095,"Orange County, Florida",54332,795760500000US12097,"Osceola County, Florida",47475,602620500000US12099,"Palm Beach County, Florida",65816,952550500000US12101,"Pasco County, Florida",53087,677860500000US12103,"Pinellas County, Florida",61031,825580500000US12105,"Polk County, Florida",50891,636620500000US12107,"Putnam County, Florida",36700,492330500000US12109,"St. Johns County, Florida",85332,1080600500000US12111,"St. Lucie County, Florida",51638,658370500000US12113,"Santa Rosa County, Florida",65336,887830500000US12115,"Sarasota County, Florida",64535,938910500000US12117,"Seminole County, Florida",72710,990590500000US12119,"Sumter County, Florida",58148,803480500000US12127,"Volusia County, Florida",52607,677160500000US13013,"Barrow County, Georgia",51940,620180500000US13015,"Bartow County, Georgia",56900,692970500000US13021,"Bibb County, Georgia",45381,692820500000US13031,"Bulloch County, Georgia",48449,635440500000US13045,"Carroll County, Georgia",53062,656890500000US13047,"Catoosa County, Georgia",60928,717230500000US13051,"Chatham County, Georgia",61355,782210500000US13057,"Cherokee County, Georgia",80434,964420500000US13059,"Clarke County, Georgia",51617,715780500000US13063,"Clayton County, Georgia",47273,573410500000US13067,"Cobb County, Georgia",80134,1041530500000US13073,"Columbia County, Georgia",75848,913130500000US13077,"Coweta County, Georgia",67833,841170500000US13089,"DeKalb County, Georgia",59029,896610500000US13095,"Dougherty County, Georgia",39120,521680500000US13097,"Douglas County, Georgia",61850,727710500000US13113,"Fayette County, Georgia",87424,1126780500000US13115,"Floyd County, Georgia",50349,699310500000US13117,"Forsyth County, Georgia",95264,1176170500000US13121,"Fulton County, Georgia",77040,1177670500000US13127,"Glynn County, Georgia",58967,755760500000US13135,"Gwinnett County, Georgia",68217,859310500000US13139,"Hall County, Georgia",59860,777510500000US13151,"Henry County, Georgia",65097,746080500000US13153,"Houston County, Georgia",56126,692560500000US13179,"Liberty County, Georgia",45200,552540500000US13185,"Lowndes County, Georgia",47427,722440500000US13215,"Muscogee County, Georgia",51143,692010500000US13217,"Newton County, Georgia",53979,662440500000US13223,"Paulding County, Georgia",70998,853530500000US13245,"Richmond County, Georgia",44190,586440500000US13247,"Rockdale County, Georgia",55158,659560500000US13285,"Troup County, Georgia",47747,626970500000US13295,"Walker County, Georgia",44184,581220500000US13297,"Walton County, Georgia",55188,697580500000US13313,"Whitfield County, Georgia",51100,690740500000US15001,"Hawaii County, Hawaii",61401,824460500000US15003,"Honolulu County, Hawaii",83963,1008080500000US15007,"Kauai County, Hawaii",76795,892440500000US15009,"Maui County, Hawaii",71789,918990500000US16001,"Ada County, Idaho",69856,934260500000US16005,"Bannock County, Idaho",55026,710360500000US16019,"Bonneville County, Idaho",58511,831200500000US16027,"Canyon County, Idaho",50221,589260500000US16055,"Kootenai County, Idaho",57379,799850500000US16083,"Twin Falls County, Idaho",55467,686330500000US17001,"Adams County, Illinois",59870,751380500000US17019,"Champaign County, Illinois",67197,875560500000US17031,"Cook County, Illinois",66979,937830500000US17037,"DeKalb County, Illinois",73488,852510500000US17043,"DuPage County, Illinois",97061,1238160500000US17089,"Kane County, Illinois",83504,1053320500000US17091,"Kankakee County, Illinois",71996,815880500000US17093,"Kendall County, Illinois",96552,990860500000US17097,"Lake County, Illinois",95227,1323520500000US17099,"LaSalle County, Illinois",63534,728960500000US17111,"McHenry County, Illinois",90213,1083580500000US17113,"McLean County, Illinois",77131,929980500000US17115,"Macon County, Illinois",64961,780160500000US17119,"Madison County, Illinois",71790,829500500000US17143,"Peoria County, Illinois",66731,836300500000US17161,"Rock Island County, Illinois",63090,737360500000US17163,"St. Clair County, Illinois",64938,798970500000US17167,"Sangamon County, Illinois",73285,901240500000US17179,"Tazewell County, Illinois",72837,900130500000US17183,"Vermilion County, Illinois",53058,636640500000US17197,"Will County, Illinois",87167,1055220500000US17199,"Williamson County, Illinois",63648,735730500000US17201,"Winnebago County, Illinois",57847,730470500000US18003,"Allen County, Indiana",60651,767620500000US18005,"Bartholomew County, Indiana",62955,804360500000US18019,"Clark County, Indiana",64257,752270500000US18035,"Delaware County, Indiana",51190,661940500000US18039,"Elkhart County, Indiana",56423,675440500000US18043,"Floyd County, Indiana",66817,822620500000US18053,"Grant County, Indiana",47394,568290500000US18057,"Hamilton County, Indiana",100800,1248520500000US18059,"Hancock County, Indiana",77049,869890500000US18063,"Hendricks County, Indiana",82441,938530500000US18067,"Howard County, Indiana",60628,678850500000US18081,"Johnson County, Indiana",63836,796890500000US18085,"Kosciusko County, Indiana",58322,760360500000US18089,"Lake County, Indiana",60301,744090500000US18091,"LaPorte County, Indiana",55486,701580500000US18095,"Madison County, Indiana",56772,656270500000US18097,"Marion County, Indiana",52332,717900500000US18105,"Monroe County, Indiana",60434,810430500000US18109,"Morgan County, Indiana",63247,701520500000US18127,"Porter County, Indiana",72482,865380500000US18141,"St. Joseph County, Indiana",59668,756810500000US18157,"Tippecanoe County, Indiana",61112,780710500000US18163,"Vanderburgh County, Indiana",59227,736610500000US18167,"Vigo County, Indiana",49997,691990500000US18177,"Wayne County, Indiana",53569,677150500000US19013,"Black Hawk County, Iowa",65535,752840500000US19049,"Dallas County, Iowa",99961,1323490500000US19061,"Dubuque County, Iowa",64376,752540500000US19103,"Johnson County, Iowa",84137,1193100500000US19113,"Linn County, Iowa",77435,937820500000US19153,"Polk County, Iowa",77356,957520500000US19155,"Pottawattamie County, Iowa",67034,825540500000US19163,"Scott County, Iowa",66509,821020500000US19169,"Story County, Iowa",77595,899930500000US19193,"Woodbury County, Iowa",56348,702970500000US20015,"Butler County, Kansas",72491,871090500000US20045,"Douglas County, Kansas",66369,832450500000US20091,"Johnson County, Kansas",92698,1212430500000US20103,"Leavenworth County, Kansas",80357,883360500000US20161,"Riley County, Kansas",62336,895860500000US20173,"Sedgwick County, Kansas",62959,823470500000US20177,"Shawnee County, Kansas",66722,798300500000US20209,"Wyandotte County, Kansas",45097,548480500000US21015,"Boone County, Kentucky",80243,932820500000US21029,"Bullitt County, Kentucky",61794,683160500000US21037,"Campbell County, Kentucky",73324,863750500000US21047,"Christian County, Kentucky",42431,580730500000US21059,"Daviess County, Kentucky",54890,678390500000US21067,"Fayette County, Kentucky",64119,873580500000US21093,"Hardin County, Kentucky",62240,712610500000US21111,"Jefferson County, Kentucky",61659,853130500000US21117,"Kenton County, Kentucky",65374,826900500000US21145,"McCracken County, Kentucky",49965,678230500000US21151,"Madison County, Kentucky",58536,688840500000US21195,"Pike County, Kentucky",39963,564620500000US21227,"Warren County, Kentucky",61211,744200500000US22005,"Ascension Parish, Louisiana",78913,882920500000US22015,"Bossier Parish, Louisiana",61657,728340500000US22017,"Caddo Parish, Louisiana",50533,731630500000US22019,"Calcasieu Parish, Louisiana",55995,697480500000US22033,"East Baton Rouge Parish, Louisiana",64115,862520500000US22045,"Iberia Parish, Louisiana",52343,737400500000US22051,"Jefferson Parish, Louisiana",61166,816330500000US22055,"Lafayette Parish, Louisiana",65687,937940500000US22057,"Lafourche Parish, Louisiana",54746,697920500000US22063,"Livingston Parish, Louisiana",66224,753280500000US22071,"Orleans Parish, Louisiana",48431,856830500000US22073,"Ouachita Parish, Louisiana",50803,683630500000US22079,"Rapides Parish, Louisiana",52750,664290500000US22097,"St. Landry Parish, Louisiana",36641,536470500000US22103,"St. Tammany Parish, Louisiana",72008,940560500000US22105,"Tangipahoa Parish, Louisiana",54847,677580500000US22109,"Terrebonne Parish, Louisiana",53262,705360500000US23001,"Androscoggin County, Maine",63114,707870500000US23003,"Aroostook County, Maine",43831,557500500000US23005,"Cumberland County, Maine",80646,1026910500000US23011,"Kennebec County, Maine",60123,705990500000US23019,"Penobscot County, Maine",54636,683240500000US23031,"York County, Maine",70705,850600500000US24001,"Allegany County, Maryland",53162,674200500000US24003,"Anne Arundel County, Maryland",100626,1230660500000US24005,"Baltimore County, Maryland",84474,1072810500000US24009,"Calvert County, Maryland",100751,1154590500000US24013,"Carroll County, Maryland",101333,1197790500000US24015,"Cecil County, Maryland",72809,846390500000US24017,"Charles County, Maryland",99740,1117010500000US24021,"Frederick County, Maryland",98717,1112380500000US24025,"Harford County, Maryland",94672,1090500500000US24027,"Howard County, Maryland",127223,1461300500000US24031,"Montgomery County, Maryland",115150,1526410500000US24033,"Prince George's County, Maryland",83167,992010500000US24037,"St. Mary's County, Maryland",96595,1135230500000US24043,"Washington County, Maryland",65538,868440500000US24045,"Wicomico County, Maryland",66668,847980500000US24510,"Baltimore city, Maryland",50408,724440500000US25001,"Barnstable County, Massachusetts",87405,1100110500000US25003,"Berkshire County, Massachusetts",66938,858900500000US25005,"Bristol County, Massachusetts",75279,869680500000US25009,"Essex County, Massachusetts",89752,1179340500000US25011,"Franklin County, Massachusetts",73750,862510500000US25013,"Hampden County, Massachusetts",60564,792410500000US25015,"Hampshire County, Massachusetts",81236,967830500000US25017,"Middlesex County, Massachusetts",108728,1399410500000US25021,"Norfolk County, Massachusetts",114285,1508280500000US25023,"Plymouth County, Massachusetts",92236,1131590500000US25025,"Suffolk County, Massachusetts",60977,958090500000US25027,"Worcester County, Massachusetts",83178,1030410500000US26005,"Allegan County, Michigan",62691,751750500000US26017,"Bay County, Michigan",63858,767270500000US26021,"Berrien County, Michigan",59131,724120500000US26025,"Calhoun County, Michigan",54022,678340500000US26037,"Clinton County, Michigan",73770,900740500000US26045,"Eaton County, Michigan",67650,799630500000US26049,"Genesee County, Michigan",52091,669450500000US26055,"Grand Traverse County, Michigan",68741,875650500000US26065,"Ingham County, Michigan",61624,800330500000US26073,"Isabella County, Michigan",58757,698810500000US26075,"Jackson County, Michigan",58797,706130500000US26077,"Kalamazoo County, Michigan",62253,789610500000US26081,"Kent County, Michigan",64259,824430500000US26087,"Lapeer County, Michigan",59668,703460500000US26091,"Lenawee County, Michigan",58340,710740500000US26093,"Livingston County, Michigan",82674,971760500000US26099,"Macomb County, Michigan",66897,803250500000US26103,"Marquette County, Michigan",58750,687370500000US26111,"Midland County, Michigan",63892,849110500000US26115,"Monroe County, Michigan",69423,818740500000US26121,"Muskegon County, Michigan",51896,644230500000US26125,"Oakland County, Michigan",89478,1137230500000US26139,"Ottawa County, Michigan",70676,870600500000US26145,"Saginaw County, Michigan",55566,684880500000US26147,"St. Clair County, Michigan",62526,735750500000US26155,"Shiawassee County, Michigan",57702,671090500000US26159,"Van Buren County, Michigan",54320,648310500000US26161,"Washtenaw County, Michigan",85556,1105180500000US26163,"Wayne County, Michigan",51870,683950500000US27003,"Anoka County, Minnesota",84460,1015170500000US27013,"Blue Earth County, Minnesota",76006,892300500000US27019,"Carver County, Minnesota",102535,1310120500000US27037,"Dakota County, Minnesota",92482,1146640500000US27053,"Hennepin County, Minnesota",87410,1191690500000US27109,"Olmsted County, Minnesota",86973,1079700500000US27123,"Ramsey County, Minnesota",73896,946180500000US27131,"Rice County, Minnesota",73663,900770500000US27137,"St. Louis County, Minnesota",66147,796820500000US27139,"Scott County, Minnesota",102808,1196240500000US27141,"Sherburne County, Minnesota",86510,1050640500000US27145,"Stearns County, Minnesota",70052,826770500000US27163,"Washington County, Minnesota",100858,1245320500000US27171,"Wright County, Minnesota",87691,973440500000US28033,"DeSoto County, Mississippi",68649,805400500000US28035,"Forrest County, Mississippi",47969,652710500000US28047,"Harrison County, Mississippi",48126,600650500000US28049,"Hinds County, Mississippi",49459,688850500000US28059,"Jackson County, Mississippi",54276,689990500000US28067,"Jones County, Mississippi",46656,622130500000US28075,"Lauderdale County, Mississippi",51023,626320500000US28081,"Lee County, Mississippi",53777,735350500000US28089,"Madison County, Mississippi",78574,1157460500000US28121,"Rankin County, Mississippi",70513,830550500000US29019,"Boone County, Missouri",72913,844080500000US29021,"Buchanan County, Missouri",58166,688210500000US29031,"Cape Girardeau County, Missouri",60391,724010500000US29037,"Cass County, Missouri",72061,851130500000US29043,"Christian County, Missouri",58488,725740500000US29047,"Clay County, Missouri",73816,867690500000US29051,"Cole County, Missouri",61844,827410500000US29071,"Franklin County, Missouri",61343,686930500000US29077,"Greene County, Missouri",53854,674300500000US29095,"Jackson County, Missouri",62918,788420500000US29097,"Jasper County, Missouri",51985,667580500000US29099,"Jefferson County, Missouri",66179,733230500000US29165,"Platte County, Missouri",81824,1030410500000US29183,"St. Charles County, Missouri",88592,1041180500000US29187,"St. Francois County, Missouri",52026,662540500000US29189,"St. Louis County, Missouri",79456,1075430500000US29510,"St. Louis city, Missouri",45324,629850500000US30013,"Cascade County, Montana",55844,685970500000US30029,"Flathead County, Montana",57589,686630500000US30031,"Gallatin County, Montana",68877,867530500000US30049,"Lewis and Clark County, Montana",67949,787050500000US30063,"Missoula County, Montana",68982,868440500000US30111,"Yellowstone County, Montana",66078,881260500000US31055,"Douglas County, Nebraska",68776,854940500000US31109,"Lancaster County, Nebraska",69836,851690500000US31153,"Sarpy County, Nebraska",83975,973940500000US32003,"Clark County, Nevada",60023,758800500000US32031,"Washoe County, Nevada",65917,849910500000US33005,"Cheshire County, New Hampshire",67558,926860500000US33009,"Grafton County, New Hampshire",67334,903380500000US33011,"Hillsborough County, New Hampshire",84553,1047170500000US33013,"Merrimack County, New Hampshire",79185,961660500000US33015,"Rockingham County, New Hampshire",96921,1183300500000US33017,"Strafford County, New Hampshire",77754,959980500000US34001,"Atlantic County, New Jersey",65151,823370500000US34003,"Bergen County, New Jersey",102642,1323980500000US34005,"Burlington County, New Jersey",96665,1169760500000US34007,"Camden County, New Jersey",76705,966200500000US34009,"Cape May County, New Jersey",71130,909890500000US34011,"Cumberland County, New Jersey",52541,672340500000US34013,"Essex County, New Jersey",71102,1100030500000US34015,"Gloucester County, New Jersey",98478,1119280500000US34017,"Hudson County, New Jersey",61218,884670500000US34019,"Hunterdon County, New Jersey",131311,1533190500000US34021,"Mercer County, New Jersey",92443,1242760500000US34023,"Middlesex County, New Jersey",93517,1123780500000US34025,"Monmouth County, New Jersey",110805,1413750500000US34027,"Morris County, New Jersey",121522,1570770500000US34029,"Ocean County, New Jersey",74501,938550500000US34031,"Passaic County, New Jersey",72922,932250500000US34033,"Salem County, New Jersey",73971,869490500000US34035,"Somerset County, New Jersey",117587,1581670500000US34037,"Sussex County, New Jersey",96958,1156850500000US34039,"Union County, New Jersey",82704,1139540500000US34041,"Warren County, New Jersey",91572,1038330500000US35001,"Bernalillo County, New Mexico",60359,791970500000US35005,"Chaves County, New Mexico",49520,618250500000US35013,"Do�a Ana County, New Mexico",45497,636870500000US35025,"Lea County, New Mexico",66346,777490500000US35031,"McKinley County, New Mexico",36955,517950500000US35035,"Otero County, New Mexico",46959,556970500000US35043,"Sandoval County, New Mexico",63929,830120500000US35045,"San Juan County, New Mexico",57023,696980500000US35049,"Santa Fe County, New Mexico",60314,850360500000US35061,"Valencia County, New Mexico",47959,562820500000US36001,"Albany County, New York",85220,1012200500000US36005,"Bronx County, New York",37041,539010500000US36007,"Broome County, New York",62655,728870500000US36009,"Cattaraugus County, New York",57523,664420500000US36011,"Cayuga County, New York",63570,753440500000US36013,"Chautauqua County, New York",54329,620630500000US36015,"Chemung County, New York",62595,774230500000US36019,"Clinton County, New York",67170,765380500000US36027,"Dutchess County, New York",88738,1049240500000US36029,"Erie County, New York",66374,841870500000US36045,"Jefferson County, New York",60496,725020500000US36047,"Kings County, New York",54206,817590500000US36051,"Livingston County, New York",61146,724610500000US36053,"Madison County, New York",59541,800030500000US36055,"Monroe County, New York",67371,870670500000US36059,"Nassau County, New York",114233,1482480500000US36061,"New York County, New York",90457,1791750500000US36063,"Niagara County, New York",65536,768610500000US36065,"Oneida County, New York",61147,752270500000US36067,"Onondaga County, New York",69270,860910500000US36069,"Ontario County, New York",71980,913290500000US36071,"Orange County, New York",84611,978830500000US36075,"Oswego County, New York",59579,688130500000US36079,"Putnam County, New York",110144,1320110500000US36081,"Queens County, New York",63896,821650500000US36083,"Rensselaer County, New York",72018,870040500000US36085,"Richmond County, New York",80937,992360500000US36087,"Rockland County, New York",100463,1249420500000US36089,"St. Lawrence County, New York",55911,693150500000US36091,"Saratoga County, New York",86633,1034780500000US36093,"Schenectady County, New York",76369,925050500000US36101,"Steuben County, New York",57579,696800500000US36103,"Suffolk County, New York",102002,1241340500000US36105,"Sullivan County, New York",62298,738350500000US36109,"Tompkins County, New York",73273,993010500000US36111,"Ulster County, New York",76072,939190500000US36113,"Warren County, New York",70931,855050500000US36117,"Wayne County, New York",61365,720100500000US36119,"Westchester County, New York",107995,1619960500000US37001,"Alamance County, North Carolina",51269,697040500000US37019,"Brunswick County, North Carolina",55682,716550500000US37021,"Buncombe County, North Carolina",62095,805150500000US37023,"Burke County, North Carolina",50528,615930500000US37025,"Cabarrus County, North Carolina",65469,811290500000US37027,"Caldwell County, North Carolina",47111,608180500000US37031,"Carteret County, North Carolina",63104,757900500000US37035,"Catawba County, North Carolina",52068,656220500000US37037,"Chatham County, North Carolina",70241,920660500000US37045,"Cleveland County, North Carolina",47998,598710500000US37049,"Craven County, North Carolina",49403,621990500000US37051,"Cumberland County, North Carolina",50746,661530500000US37057,"Davidson County, North Carolina",54394,648030500000US37063,"Durham County, North Carolina",64883,858920500000US37067,"Forsyth County, North Carolina",57175,745530500000US37071,"Gaston County, North Carolina",51904,699970500000US37081,"Guilford County, North Carolina",57683,780790500000US37085,"Harnett County, North Carolina",49639,596400500000US37089,"Henderson County, North Carolina",57273,670800500000US37097,"Iredell County, North Carolina",63546,866140500000US37101,"Johnston County, North Carolina",61372,717470500000US37109,"Lincoln County, North Carolina",51932,672750500000US37119,"Mecklenburg County, North Carolina",72204,1021350500000US37125,"Moore County, North Carolina",63554,757290500000US37127,"Nash County, North Carolina",50849,701950500000US37129,"New Hanover County, North Carolina",66098,903680500000US37133,"Onslow County, North Carolina",53785,677800500000US37135,"Orange County, North Carolina",82624,1275750500000US37147,"Pitt County, North Carolina",52501,738300500000US37151,"Randolph County, North Carolina",49371,626220500000US37155,"Robeson County, North Carolina",34660,475260500000US37157,"Rockingham County, North Carolina",47046,591960500000US37159,"Rowan County, North Carolina",54531,705280500000US37161,"Rutherford County, North Carolina",43681,532530500000US37171,"Surry County, North Carolina",45179,572080500000US37179,"Union County, North Carolina",71554,942210500000US37183,"Wake County, North Carolina",84021,1067960500000US37191,"Wayne County, North Carolina",43625,577100500000US37193,"Wilkes County, North Carolina",43644,541590500000US37195,"Wilson County, North Carolina",45095,614390500000US38015,"Burleigh County, North Dakota",80453,998300500000US38017,"Cass County, North Dakota",73149,997480500000US38035,"Grand Forks County, North Dakota",62316,857110500000US38101,"Ward County, North Dakota",81410,978440500000US39003,"Allen County, Ohio",54697,664130500000US39007,"Ashtabula County, Ohio",50140,590690500000US39013,"Belmont County, Ohio",56126,676320500000US39017,"Butler County, Ohio",75373,922430500000US39023,"Clark County, Ohio",52795,646560500000US39025,"Clermont County, Ohio",75242,905260500000US39029,"Columbiana County, Ohio",52034,668710500000US39035,"Cuyahoga County, Ohio",59679,809430500000US39041,"Delaware County, Ohio",115758,1433050500000US39043,"Erie County, Ohio",63969,768080500000US39045,"Fairfield County, Ohio",73532,863770500000US39049,"Franklin County, Ohio",67147,863280500000US39055,"Geauga County, Ohio",80416,1053710500000US39057,"Greene County, Ohio",79420,921640500000US39061,"Hamilton County, Ohio",66703,902420500000US39063,"Hancock County, Ohio",60584,745830500000US39081,"Jefferson County, Ohio",49500,637270500000US39085,"Lake County, Ohio",71199,862170500000US39089,"Licking County, Ohio",71872,813270500000US39093,"Lorain County, Ohio",65795,795160500000US39095,"Lucas County, Ohio",55850,753350500000US39099,"Mahoning County, Ohio",52355,667990500000US39101,"Marion County, Ohio",49260,589790500000US39103,"Medina County, Ohio",79470,927460500000US39109,"Miami County, Ohio",60756,727080500000US39113,"Montgomery County, Ohio",57461,729820500000US39119,"Muskingum County, Ohio",53549,630880500000US39133,"Portage County, Ohio",70171,813750500000US39139,"Richland County, Ohio",53667,648930500000US39141,"Ross County, Ohio",52520,649510500000US39145,"Scioto County, Ohio",53872,625040500000US39151,"Stark County, Ohio",58842,738470500000US39153,"Summit County, Ohio",62227,822110500000US39155,"Trumbull County, Ohio",53436,644280500000US39157,"Tuscarawas County, Ohio",56598,666490500000US39165,"Warren County, Ohio",85329,1068470500000US39169,"Wayne County, Ohio",55864,707020500000US39173,"Wood County, Ohio",72452,895600500000US40017,"Canadian County, Oklahoma",75803,925580500000US40027,"Cleveland County, Oklahoma",72535,878590500000US40031,"Comanche County, Oklahoma",56954,733290500000US40037,"Creek County, Oklahoma",54937,684270500000US40101,"Muskogee County, Oklahoma",48967,603610500000US40109,"Oklahoma County, Oklahoma",59634,840850500000US40119,"Payne County, Oklahoma",54838,771300500000US40125,"Pottawatomie County, Oklahoma",54169,657740500000US40131,"Rogers County, Oklahoma",64911,813430500000US40143,"Tulsa County, Oklahoma",62238,837740500000US40145,"Wagoner County, Oklahoma",66406,804200500000US41003,"Benton County, Oregon",84773,1016490500000US41005,"Clackamas County, Oregon",80175,1007940500000US41017,"Deschutes County, Oregon",62050,850730500000US41019,"Douglas County, Oregon",53260,598320500000US41029,"Jackson County, Oregon",51974,695420500000US41033,"Josephine County, Oregon",45058,676540500000US41035,"Klamath County, Oregon",47248,608700500000US41039,"Lane County, Oregon",57152,728740500000US41043,"Linn County, Oregon",53401,644800500000US41047,"Marion County, Oregon",54357,685410500000US41051,"Multnomah County, Oregon",68732,940010500000US41053,"Polk County, Oregon",68559,773210500000US41059,"Umatilla County, Oregon",56335,666020500000US41067,"Washington County, Oregon",77054,964910500000US41071,"Yamhill County, Oregon",63098,740210500000US42001,"Adams County, Pennsylvania",71646,875710500000US42003,"Allegheny County, Pennsylvania",72947,952470500000US42005,"Armstrong County, Pennsylvania",58431,658940500000US42007,"Beaver County, Pennsylvania",66227,762830500000US42011,"Berks County, Pennsylvania",66774,797340500000US42013,"Blair County, Pennsylvania",60810,699160500000US42017,"Bucks County, Pennsylvania",95626,1207400500000US42019,"Butler County, Pennsylvania",77071,953200500000US42021,"Cambria County, Pennsylvania",58447,712830500000US42025,"Carbon County, Pennsylvania",56248,667230500000US42027,"Centre County, Pennsylvania",72661,858810500000US42029,"Chester County, Pennsylvania",106766,1358410500000US42033,"Clearfield County, Pennsylvania",51184,578560500000US42037,"Columbia County, Pennsylvania",59218,718170500000US42039,"Crawford County, Pennsylvania",51671,668640500000US42041,"Cumberland County, Pennsylvania",79675,949010500000US42043,"Dauphin County, Pennsylvania",67661,845660500000US42045,"Delaware County, Pennsylvania",78625,1070630500000US42049,"Erie County, Pennsylvania",56305,749130500000US42051,"Fayette County, Pennsylvania",52171,612500500000US42055,"Franklin County, Pennsylvania",61779,698410500000US42063,"Indiana County, Pennsylvania",55166,686080500000US42069,"Lackawanna County, Pennsylvania",56825,721010500000US42071,"Lancaster County, Pennsylvania",68907,858260500000US42073,"Lawrence County, Pennsylvania",58082,721290500000US42075,"Lebanon County, Pennsylvania",63329,767040500000US42077,"Lehigh County, Pennsylvania",71534,864840500000US42079,"Luzerne County, Pennsylvania",57650,715390500000US42081,"Lycoming County, Pennsylvania",58673,705380500000US42085,"Mercer County, Pennsylvania",57721,681820500000US42089,"Monroe County, Pennsylvania",72632,791140500000US42091,"Montgomery County, Pennsylvania",97078,1259210500000US42095,"Northampton County, Pennsylvania",74635,946660500000US42097,"Northumberland County, Pennsylvania",50657,620610500000US42101,"Philadelphia County, Pennsylvania",46989,681210500000US42107,"Schuylkill County, Pennsylvania",56923,661030500000US42111,"Somerset County, Pennsylvania",55933,687190500000US42125,"Washington County, Pennsylvania",73247,910600500000US42129,"Westmoreland County, Pennsylvania",67683,825850500000US42133,"York County, Pennsylvania",68668,845240500000US44003,"Kent County, Rhode Island",82968,973890500000US44005,"Newport County, Rhode Island",90872,1120780500000US44007,"Providence County, Rhode Island",59453,804500500000US44009,"Washington County, Rhode Island",89363,1078630500000US45003,"Aiken County, South Carolina",61104,748420500000US45007,"Anderson County, South Carolina",51457,622650500000US45013,"Beaufort County, South Carolina",68127,924580500000US45015,"Berkeley County, South Carolina",58255,720290500000US45019,"Charleston County, South Carolina",71885,984310500000US45031,"Darlington County, South Carolina",45765,593230500000US45035,"Dorchester County, South Carolina",67443,802010500000US45041,"Florence County, South Carolina",56066,686060500000US45045,"Greenville County, South Carolina",61098,806670500000US45047,"Greenwood County, South Carolina",50540,680050500000US45051,"Horry County, South Carolina",50543,652550500000US45057,"Lancaster County, South Carolina",55952,677590500000US45059,"Laurens County, South Carolina",44738,526520500000US45063,"Lexington County, South Carolina",67137,809310500000US45073,"Oconee County, South Carolina",50526,632960500000US45075,"Orangeburg County, South Carolina",37676,515850500000US45077,"Pickens County, South Carolina",53262,664660500000US45079,"Richland County, South Carolina",65696,837500500000US45083,"Spartanburg County, South Carolina",51096,663640500000US45085,"Sumter County, South Carolina",45302,557120500000US45091,"York County, South Carolina",65811,829620500000US46099,"Minnehaha County, South Dakota",72306,867670500000US46103,"Pennington County, South Dakota",61669,752440500000US47001,"Anderson County, Tennessee",65576,780390500000US47009,"Blount County, Tennessee",60478,796480500000US47011,"Bradley County, Tennessee",54164,756700500000US47037,"Davidson County, Tennessee",59453,837790500000US47059,"Greene County, Tennessee",45008,569590500000US47065,"Hamilton County, Tennessee",61483,811500500000US47093,"Knox County, Tennessee",64085,853360500000US47113,"Madison County, Tennessee",52936,660140500000US47119,"Maury County, Tennessee",64527,739900500000US47125,"Montgomery County, Tennessee",57832,705780500000US47141,"Putnam County, Tennessee",49218,669620500000US47147,"Robertson County, Tennessee",60547,771840500000US47149,"Rutherford County, Tennessee",61992,763890500000US47155,"Sevier County, Tennessee",50985,622380500000US47157,"Shelby County, Tennessee",56219,794070500000US47163,"Sullivan County, Tennessee",53550,688380500000US47165,"Sumner County, Tennessee",66203,846290500000US47179,"Washington County, Tennessee",53398,726520500000US47187,"Williamson County, Tennessee",105192,1390030500000US47189,"Wilson County, Tennessee",69193,840790500000US48005,"Angelina County, Texas",47356,629920500000US48021,"Bastrop County, Texas",67270,785730500000US48027,"Bell County, Texas",58179,725680500000US48029,"Bexar County, Texas",59392,788490500000US48037,"Bowie County, Texas",51814,638090500000US48039,"Brazoria County, Texas",83029,1019870500000US48041,"Brazos County, Texas",57381,769870500000US48061,"Cameron County, Texas",36749,503170500000US48085,"Collin County, Texas",102774,1269430500000US48091,"Comal County, Texas",78585,968240500000US48099,"Coryell County, Texas",53543,642600500000US48113,"Dallas County, Texas",55794,844120500000US48121,"Denton County, Texas",91027,1131630500000US48135,"Ector County, Texas",70158,861400500000US48139,"Ellis County, Texas",70012,813650500000US48141,"El Paso County, Texas",43913,599350500000US48157,"Fort Bend County, Texas",98927,1246160500000US48167,"Galveston County, Texas",75053,970980500000US48181,"Grayson County, Texas",64681,734350500000US48183,"Gregg County, Texas",60743,738310500000US48187,"Guadalupe County, Texas",70991,834830500000US48201,"Harris County, Texas",62639,930740500000US48203,"Harrison County, Texas",63565,716210500000US48209,"Hays County, Texas",78082,914490500000US48213,"Henderson County, Texas",48219,624260500000US48215,"Hidalgo County, Texas",39083,530650500000US48231,"Hunt County, Texas",61255,673910500000US48245,"Jefferson County, Texas",51180,687560500000US48251,"Johnson County, Texas",62709,748280500000US48257,"Kaufman County, Texas",67312,785210500000US48291,"Liberty County, Texas",54325,660300500000US48303,"Lubbock County, Texas",57096,795910500000US48309,"McLennan County, Texas",56376,707400500000US48329,"Midland County, Texas",88819,1134890500000US48339,"Montgomery County, Texas",80743,1083610500000US48347,"Nacogdoches County, Texas",49815,594030500000US48355,"Nueces County, Texas",61186,797140500000US48361,"Orange County, Texas",54510,723420500000US48367,"Parker County, Texas",81483,1000910500000US48375,"Potter County, Texas",47010,649400500000US48381,"Randall County, Texas",77502,906600500000US48397,"Rockwall County, Texas",85352,1034950500000US48409,"San Patricio County, Texas",61004,757660500000US48423,"Smith County, Texas",56232,736830500000US48439,"Tarrant County, Texas",69379,912460500000US48441,"Taylor County, Texas",55892,725100500000US48451,"Tom Green County, Texas",58903,803900500000US48453,"Travis County, Texas",78221,1082880500000US48469,"Victoria County, Texas",61911,796810500000US48471,"Walker County, Texas",65463,691150500000US48479,"Webb County, Texas",41457,579840500000US48485,"Wichita County, Texas",55808,740190500000US48491,"Williamson County, Texas",85591,1008030500000US49005,"Cache County, Utah",58465,690170500000US49011,"Davis County, Utah",77643,926520500000US49035,"Salt Lake County, Utah",73087,938360500000US49049,"Utah County, Utah",67206,832070500000US49053,"Washington County, Utah",57185,665070500000US49057,"Weber County, Utah",68721,806760500000US50007,"Chittenden County, Vermont",83314,1006260500000US51003,"Albemarle County, Virginia",78828,1175510500000US51013,"Arlington County, Virginia",137337,1623560500000US51015,"Augusta County, Virginia",67112,792960500000US51019,"Bedford County, Virginia",70442,835930500000US51041,"Chesterfield County, Virginia",86645,1053800500000US51059,"Fairfax County, Virginia",130071,1609500500000US51061,"Fauquier County, Virginia",104274,1367860500000US51069,"Frederick County, Virginia",81114,928880500000US51085,"Hanover County, Virginia",96746,1065340500000US51087,"Henrico County, Virginia",76609,992060500000US51095,"James City County, Virginia",82128,1102980500000US51107,"Loudoun County, Virginia",135045,1563480500000US51121,"Montgomery County, Virginia",71960,851170500000US51153,"Prince William County, Virginia",101433,1187120500000US51161,"Roanoke County, Virginia",72942,908260500000US51165,"Rockingham County, Virginia",63528,790000500000US51177,"Spotsylvania County, Virginia",87437,1036550500000US51179,"Stafford County, Virginia",106554,1205000500000US51199,"York County, Virginia",90022,1028850500000US51510,"Alexandria city, Virginia",110821,1434890500000US51550,"Chesapeake city, Virginia",74716,865890500000US51650,"Hampton city, Virginia",57475,682170500000US51680,"Lynchburg city, Virginia",50822,652670500000US51700,"Newport News city, Virginia",57225,698420500000US51710,"Norfolk city, Virginia",51525,707330500000US51740,"Portsmouth city, Virginia",59869,665500500000US51760,"Richmond city, Virginia",51978,843370500000US51770,"Roanoke city, Virginia",50867,659360500000US51800,"Suffolk city, Virginia",72407,864820500000US51810,"Virginia Beach city, Virginia",78677,947920500000US53005,"Benton County, Washington",65235,859160500000US53007,"Chelan County, Washington",62164,752310500000US53009,"Clallam County, Washington",60383,708220500000US53011,"Clark County, Washington",71583,876290500000US53015,"Cowlitz County, Washington",50464,617540500000US53021,"Franklin County, Washington",60643,758840500000US53025,"Grant County, Washington",57749,730760500000US53027,"Grays Harbor County, Washington",49877,641210500000US53029,"Island County, Washington",74926,895970500000US53033,"King County, Washington",98036,1245100500000US53035,"Kitsap County, Washington",74762,940260500000US53041,"Lewis County, Washington",58206,652930500000US53053,"Pierce County, Washington",72233,872660500000US53057,"Skagit County, Washington",64311,849620500000US53061,"Snohomish County, Washington",83106,979580500000US53063,"Spokane County, Washington",63659,788400500000US53067,"Thurston County, Washington",73951,861630500000US53073,"Whatcom County, Washington",66221,804430500000US53077,"Yakima County, Washington",50572,659410500000US54003,"Berkeley County, West Virginia",69201,752550500000US54011,"Cabell County, West Virginia",47900,641440500000US54033,"Harrison County, West Virginia",54555,710030500000US54039,"Kanawha County, West Virginia",51970,709040500000US54061,"Monongalia County, West Virginia",69615,863340500000US54081,"Raleigh County, West Virginia",50787,680540500000US54107,"Wood County, West Virginia",56321,678990500000US55009,"Brown County, Wisconsin",67832,783400500000US55025,"Dane County, Wisconsin",82557,1017240500000US55027,"Dodge County, Wisconsin",66735,756600500000US55035,"Eau Claire County, Wisconsin",65913,833800500000US55039,"Fond du Lac County, Wisconsin",63274,760280500000US55055,"Jefferson County, Wisconsin",68154,769060500000US55059,"Kenosha County, Wisconsin",67531,784800500000US55063,"La Crosse County, Wisconsin",70507,838030500000US55071,"Manitowoc County, Wisconsin",61808,737730500000US55073,"Marathon County, Wisconsin",70357,807010500000US55079,"Milwaukee County, Wisconsin",54249,716480500000US55087,"Outagamie County, Wisconsin",72025,840340500000US55089,"Ozaukee County, Wisconsin",95815,1283080500000US55097,"Portage County, Wisconsin",68784,808130500000US55101,"Racine County, Wisconsin",65204,782430500000US55105,"Rock County, Wisconsin",61281,750560500000US55109,"St. Croix County, Wisconsin",84803,1010490500000US55117,"Sheboygan County, Wisconsin",66932,806000500000US55127,"Walworth County, Wisconsin",63018,833980500000US55131,"Washington County, Wisconsin",82958,954700500000US55133,"Waukesha County, Wisconsin",94487,1167660500000US55139,"Winnebago County, Wisconsin",65583,815860500000US55141,"Wood County, Wisconsin",65966,731450500000US56021,"Laramie County, Wyoming",73201,838160500000US56025,"Natrona County, Wyoming",72096,90165